{
  "aruba": [-70.2809842, 12.8102998, -69.6409842, 12.1702998],
  "afghanistan": [60.5176034, 38.4910682, 74.889862, 29.3772],
  "angola": [11.4609793, -4.3880634, 24.0878856, -18.038945],
  "anguilla": [-63.6391992, 18.7951194, -62.7125449, 18.0615454],
  "aland islands": [19.0832098, 60.87665, 21.3456556, 59.4541578],
  "albania": [19.1246095, 42.6610848, 21.0574335, 39.6448625],
  "andorra": [1.4135781, 42.6559357, 1.7863837, 42.4288238],
  "united arab emirates": [51.498, 26.2822, 56.3834, 22.6444],
  "argentina": [-73.5600329, -21.781168, -53.6374515, -55.1850761],
  "armenia": [43.4471395, 41.300712, 46.6333087, 38.8404775],
  "american samoa": [-171.2951296, -10.8449746, -167.9322899, -14.7608358],
  "antarctica": [-180.0, -60.0, 180.0, -85.0511287],
  "french southern territories": [39.4138676, -11.3139928, 77.8494974, -50.2187169],
  "antigua and barbuda": [-62.5536517, 17.929, -61.447857, 16.7573901],
  "australia": [72.2460938, -9.0882278, 168.2249543, -55.3228175],
  "austria": [9.5307487, 49.0205305, 17.160776, 46.3722761],
  "azerbaijan": [44.7633701, 41.9502947, 51.0090302, 38.3929551],
  "burundi": [29.0007401, -2.3096796, 30.8498462, -4.4693155],
  "belgium": [2.3889137, 51.5516667, 6.408097, 49.4969821],
  "benin": [0.776667, 12.4092447, 3.843343, 6.0398696],
  "burkina faso": [-5.5132416, 15.084, 2.4089717, 9.4104718],
  "bangladesh": [88.0075306, 26.6382534, 92.6804979, 20.3756582],
  "bulgaria": [22.3571459, 44.2167064, 28.8875409, 41.2353929],
  "bahrain": [50.2697989, 26.6872444, 50.9233693, 25.535],
  "the bahamas": [-80.7001941, 27.4734551, -72.4477521, 20.7059846],
  "bosnia and herzegovina": [15.7287433, 45.2764135, 19.6237311, 42.5553114],
  "saint barthelemy": [-63.06639, 18.1375569, -62.5844019, 17.670931],
  "belarus": [23.1783344, 56.17218, 32.7627809, 51.2575982],
  "belize": [-89.2262083, 18.496001, -87.3098494, 15.8857286],
  "bermuda": [-65.1232222, 32.5913693, -64.4109842, 32.0469651],
  "bolivia": [-69.6450073, -9.6689438, -57.453, -22.8982742],
  "brazil": [-73.9830625, 5.2842873, -28.6341164, -33.8689056],
  "barbados": [-59.8562115, 13.535, -59.2147175, 12.845],
  "brunei": [114.0758734, 5.1011857, 115.3635623, 4.002508],
  "bhutan": [88.7464724, 28.246987, 92.1252321, 26.702016],
  "bouvet island": [2.9345531, -54.187, 3.7791099, -54.654],
  "botswana": [19.9986474, -17.778137, 29.375304, -26.9059669],
  "central african republic": [14.4155426, 11.001389, 27.4540764, 2.2156553],
  "canada": [-141.00275, 83.3362128, -52.3231981, 41.6765556],
  "cocos (keeling) islands": [96.612524, -11.6213132, 97.1357343, -12.4055983],
  "switzerland": [5.9559113, 47.8084648, 10.4922941, 45.817995],
  "chile": [-109.6795789, -17.4983998, -66.0753474, -56.725],
  "china": [73.4997347, 53.5608154, 134.7754563, 8.8383436],
  "cote d'ivoire": [-8.601725, 10.740197, -2.493031, 4.1621205],
  "cameroon": [8.3822176, 13.083333, 16.1921476, 1.6546659],
  "democratic republic of the congo": [12.039074, 5.3920026, 31.3056758, -13.459035],
  "congo": [11.0048205, 3.713056, 18.643611, -5.149089],
  "cook islands": [-166.0856468, -8.7168792, -157.1089329, -22.15807],
  "colombia": [-82.1243666, 16.0571269, -66.8511907, -4.2316872],
  "comoros": [43.025305, -11.165, 44.7451922, -12.621],
  "cape verde": [-25.3609478, 17.2053108, -22.6673416, 14.8031546],
  "costa rica": [-87.2722647, 11.2195684, -82.5060208, 5.3329698],
  "cuba": [-85.1679702, 23.4816972, -73.9190004, 19.6275294],
  "christmas island": [105.5336422, -10.4123553, 105.7130159, -10.5698515],
  "cayman islands": [-81.6313748, 19.9573759, -79.5110954, 19.0620619],
  "cyprus": [32.0227581, 35.913252, 34.8553182, 34.4383706],
  "czechia": [12.0905901, 51.0557036, 18.859216, 48.5518083],
  "germany": [5.8663153, 55.099161, 15.0419319, 47.2701114],
  "djibouti": [41.7713139, 12.7923081, 43.6579046, 10.9149547],
  "dominica": [-61.6869184, 15.7872222, -61.0329895, 15.0074207],
  "denmark": [7.7153255, 57.9524297, 15.5530641, 54.4516667],
  "dominican republic": [-72.0574706, 21.303433, -68.1101463, 17.2701708],
  "algeria": [-8.668908, 37.2962055, 11.997337, 18.968147],
  "ecuador": [-92.2072392, 1.8835964, -75.192504, -5.0159314],
  "egypt": [24.6499112, 31.8330854, 37.1153517, 22.0],
  "eritrea": [36.4333653, 18.0709917, 43.3001714, 12.3548219],
  "western sahara": [-17.3494721, 27.6666834, -8.666389, 20.556883],
  "spain": [-18.3936845, 43.9933088, 4.5918885, 27.4335426],
  "estonia": [21.3826069, 59.9383754, 28.2100175, 57.5092997],
  "ethiopia": [32.9975838, 14.8940537, 47.9823797, 3.397448],
  "finland": [19.0832098, 70.0922939, 31.5867071, 59.4541578],
  "fiji": [172.0, -12.2613866, -178.5, -21.9434274],
  "falkland islands": [-61.7726772, -50.7973007, -57.3662367, -53.1186766],
  "france": [-5.4534286, 51.268318, 9.8678344, 41.2632185],
  "faroe islands": [-7.6882939, 62.3942991, -6.2565525, 61.3915553],
  "federated states of micronesia": [137.2234512, 10.291, 163.2364054, 0.827],
  "gabon": [8.5002246, 2.3182171, 14.539444, -4.1012261],
  "united kingdom": [-14.015517, 61.061, 2.0919117, 49.674],
  "georgia": [39.8844803, 43.5864294, 46.7365373, 41.0552922],
  "guernsey": [-2.6751703, 49.5090776, -2.501814, 49.4155331],
  "ghana": [-3.260786, 11.1748562, 1.2732942, 4.5392525],
  "gibraltar": [-5.3941295, 36.180807, -5.3141295, 36.100807],
  "guinea": [-15.5680508, 12.67563, -7.6381993, 7.1906045],
  "guadeloupe": [-61.809764, 16.5144664, -61.0003663, 15.8320085],
  "gambia": [-17.0288254, 13.8253137, -13.797778, 13.061],
  "guinea-bissau": [-16.894523, 12.6862384, -13.6348777, 10.6514215],
  "equatorial guinea": [5.4172943, 3.989, 11.3598628, -1.6732196],
  "greece": [19.2477876, 41.7488862, 29.7296986, 34.7006096],
  "grenada": [-62.0065868, 12.5966532, -61.1732143, 11.786],
  "greenland": [-74.1250416, 83.875172, -10.0288759, 59.515387],
  "guatemala": [-92.3105242, 17.8165947, -88.1755849, 13.6345804],
  "french guiana": [-54.60278, 5.7507111, -51.6346139, 2.112222],
  "guam": [144.563426, 13.706179, 145.009167, 13.182335],
  "guyana": [-61.414905, 8.6038842, -56.4689543, 1.1710017],
  "hong kong": [114.0028131, 22.4393278, 114.3228131, 22.1193278],
  "heard island and mcdonald islands": [72.2460938, -52.7030677, 74.1988754, -53.394741],
  "honduras": [-89.3568207, 17.619526, -82.1729621, 12.9808485],
  "croatia": [13.2104814, 46.555029, 19.4470842, 42.1765993],
  "haiti": [-75.2384618, 20.2181368, -71.6217461, 17.9099291],
  "hungary": [16.1138867, 48.585257, 22.8977094, 45.737128],
  "indonesia": [94.7717124, 6.2744496, 141.0194444, -11.2085669],
  "isle of man": [-4.7946845, 54.4178705, -4.3076853, 54.0539576],
  "india": [68.1113787, 35.6745457, 97.395561, 6.5546079],
  "british indian ocean territory": [71.036504, -5.037066, 72.7020157, -7.6454079],
  "ireland": [-11.0133788, 55.636, -5.6582363, 51.222],
  "iran": [44.0318908, 39.7816502, 63.3332704, 24.8465103],
  "iraq": [38.7936719, 37.380932, 48.8412702, 29.0585661],
  "iceland": [-25.0135069, 67.353, -12.8046162, 63.0859177],
  "israel": [34.2674994, 33.3356317, 35.8950234, 29.4533796],
  "italy": [6.6272658, 47.0921462, 18.7844746, 35.2889616],
  "jamaica": [-78.5782366, 18.7256394, -75.7541143, 16.5899443],
  "jersey": [-2.254512, 49.2621288, -2.0104193, 49.1625179],
  "jordan": [34.8844372, 33.3750617, 39.3012981, 29.183401],
  "japan": [122.7141754, 45.7112046, 154.205541, 20.2145811],
  "kazakhstan": [46.4932179, 55.4421701, 87.3156316, 40.5686476],
  "kenya": [33.9098987, 4.62, 41.899578, -4.8995204],
  "kyrgyzstan": [69.2649523, 43.2667971, 80.2295793, 39.1728437],
  "cambodia": [102.3338282, 14.6904224, 107.6276788, 9.4752639],
  "kiribati": [-179.1645388, 7.9483283, -164.1645388, -7.0516717],
  "saint kitts and nevis": [-63.051129, 17.6158146, -62.3303519, 16.895],
  "south korea": [124.354847, 38.623477, 132.1467806, 32.9104556],
  "kuwait": [46.5526837, 30.1038082, 49.0046809, 28.5243622],
  "lao people's democratic republic": [100.0843247, 22.5086717, 107.6349989, 13.9096752],